-- phpMyAdmin SQL Dump
-- version 4.7.3
-- https://www.phpmyadmin.net/
--
-- Host: localhost
-- Generation Time: Apr 21, 2018 at 05:13 AM
-- Server version: 5.6.35
-- PHP Version: 7.1.8

SET SQL_MODE = "NO_AUTO_VALUE_ON_ZERO";
SET time_zone = "+00:00";


/*!40101 SET @OLD_CHARACTER_SET_CLIENT=@@CHARACTER_SET_CLIENT */;
/*!40101 SET @OLD_CHARACTER_SET_RESULTS=@@CHARACTER_SET_RESULTS */;
/*!40101 SET @OLD_COLLATION_CONNECTION=@@COLLATION_CONNECTION */;
/*!40101 SET NAMES utf8mb4 */;

--
-- Database: `db_vidApp`
--

-- --------------------------------------------------------

--
-- Table structure for table `tbl_arating`
--

CREATE TABLE `tbl_arating` (
  `arating_id` smallint(5) UNSIGNED NOT NULL,
  `arating_name` varchar(125) NOT NULL,
  `arating_desc` text NOT NULL
) ENGINE=InnoDB DEFAULT CHARSET=utf8 ROW_FORMAT=COMPACT;

--
-- Dumping data for table `tbl_arating`
--

INSERT INTO `tbl_arating` (`arating_id`, `arating_name`, `arating_desc`) VALUES
(1, 'G', 'G – General Audiences\r\nAll ages admitted. Nothing that would offend parents for viewing by children. '),
(2, 'PG', 'PG – Parental Guidance Suggested\r\nSome material may not be suitable for children. Parents urged to give  	&ldquo;parental guidance&rdquo;. '),
(3, 'PG-13', 'PG-13 – Parents Strongly Cautioned\r\nSome material may be inappropriate for children under 13. Parents are urged to be cautious. Some material may be inappropriate for pre-teenagers.'),
(4, 'R', 'R – Restricted\r\nUnder 17 requires accompanying parent or adult guardian. Contains some adult material. Parents are urged to learn more about the film before taking their young children with them. '),
(5, 'NC-17', 'NC-17 – Adults Only\r\nNo One 17 and Under Admitted. Clearly adult. Children are not admitted. ');

-- --------------------------------------------------------

--
-- Table structure for table `tbl_cast`
--

CREATE TABLE `tbl_cast` (
  `cast_id` mediumint(8) UNSIGNED NOT NULL,
  `cast_name` varchar(250) NOT NULL
) ENGINE=InnoDB DEFAULT CHARSET=utf8;

--
-- Dumping data for table `tbl_cast`
--

INSERT INTO `tbl_cast` (`cast_id`, `cast_name`) VALUES
(36, 'Amy Adams'),
(26, 'Andrew Garfield'),
(8, 'Aneurin Barnard'),
(42, 'Anna Kendrick'),
(14, 'Boyd Holbrook'),
(5, 'Bradley Cooper'),
(1, 'Chris Pratt'),
(19, 'Colm Hill'),
(13, 'Dafne Keen'),
(7, 'Damien Bonnard'),
(22, 'Dan Stevens'),
(30, 'Darcy Bryce'),
(3, 'Dave Bautista'),
(33, 'Ed Skrein'),
(21, 'Emma Watson'),
(6, 'Fionn Whitehead'),
(38, 'Forest Whitaker'),
(46, 'Harrison Ford'),
(11, 'Hugh Jackman'),
(28, 'Jacob Warner'),
(10, 'James Bloor'),
(37, 'Jeremy Renner'),
(45, 'Joseph Gordon-Levitt'),
(24, 'Josh Gad'),
(32, 'Karan Soni'),
(20, 'Kathryn Kirkpatrick'),
(25, 'Kevin Kline'),
(9, 'Lee Armstrong'),
(43, 'Leonardo DiCaprio'),
(23, 'Luke Evans'),
(40, 'Mark OBrien'),
(34, 'Michael Benyaer'),
(18, 'Michael Mitton'),
(39, 'Michael Stuhlbarg'),
(47, 'Miles Teller'),
(29, 'Milo Gibson'),
(12, 'Patrick Stewart'),
(27, 'Richard Pyros'),
(31, 'Ryan Reynolds'),
(52, 'Sandra Bullock'),
(44, 'Saoirse Ronan'),
(17, 'Sheena Kamal'),
(35, 'Stefan Kapicic'),
(15, 'Stephen Merchant'),
(53, 'Suraj Sharma'),
(16, 'Tilda Swinton'),
(41, 'Tom Costello'),
(4, 'Vin Diesel'),
(2, 'Zoe Saldana');

-- --------------------------------------------------------

--
-- Table structure for table `tbl_comments`
--

CREATE TABLE `tbl_comments` (
  `comments_id` mediumint(8) UNSIGNED NOT NULL,
  `comments_auth` varchar(125) DEFAULT NULL,
  `comments_copy` text NOT NULL,
  `comments_date` timestamp NOT NULL DEFAULT CURRENT_TIMESTAMP,
  `comments_movie` int(11) NOT NULL,
  `comments_rating` int(11) NOT NULL,
  `comments_name` varchar(100) NOT NULL
) ENGINE=InnoDB DEFAULT CHARSET=utf8;

--
-- Dumping data for table `tbl_comments`
--

INSERT INTO `tbl_comments` (`comments_id`, `comments_auth`, `comments_copy`, `comments_date`, `comments_movie`, `comments_rating`, `comments_name`) VALUES
(1, NULL, 'Loved it. Chris Pratt is my hero! I LOVE YOU STAR LORD!!', '2018-03-26 19:08:41', 1, 5, ''),
(2, NULL, 'Not quite as good as the first Guardians, but still WAY better that any DC movie... ', '2018-03-26 19:09:57', 1, 4, ''),
(3, NULL, 'It sucked.', '2018-04-01 14:54:32', 1, 1, ''),
(4, NULL, 'It was amazing. I really liked this way better than any DC movie that\'s ever been made, EVER.\n\nCuz DC movies are garbage.', '2018-04-01 14:55:29', 1, 3, ''),
(5, NULL, 'I thought Logan was great.THIS is the way you do comic book dystopia.', '2018-04-01 14:56:55', 3, 4, ''),
(6, NULL, 'Way too violent. I thought Hugh Jackman would at least do a song and dance, but was VERY disappointed.', '2018-04-01 14:57:35', 3, 1, ''),
(7, NULL, 'OMG i can\'t get enough Deadpool.. what a great movie', '2018-04-01 15:11:30', 7, 5, ''),
(8, NULL, 'I really liked this. Prof X made me sad tho. What a way to go...', '2018-04-01 15:51:58', 3, 4, ''),
(9, NULL, 'good', '2018-04-10 18:55:32', 10, 3, ''),
(10, NULL, 'good', '2018-04-10 18:55:34', 10, 3, ''),
(11, NULL, 'good', '2018-04-10 18:55:37', 10, 3, ''),
(12, NULL, 'Not good', '2018-04-10 19:10:49', 10, 3, ''),
(13, NULL, 'Not good', '2018-04-10 19:10:56', 10, 3, ''),
(14, NULL, 'good\n', '2018-04-10 19:20:13', 2, 3, ''),
(15, NULL, 'good\n', '2018-04-10 19:20:16', 2, 3, ''),
(16, NULL, 'good\n', '2018-04-10 19:20:26', 2, 3, ''),
(17, NULL, 'nice', '2018-04-10 19:22:24', 2, 3, '');

-- --------------------------------------------------------

--
-- Table structure for table `tbl_country`
--

CREATE TABLE `tbl_country` (
  `country_id` smallint(3) NOT NULL,
  `country_name` varchar(100) NOT NULL
) ENGINE=InnoDB DEFAULT CHARSET=utf8 ROW_FORMAT=COMPACT;

--
-- Dumping data for table `tbl_country`
--

INSERT INTO `tbl_country` (`country_id`, `country_name`) VALUES
(1, 'Albania'),
(2, 'Algeria'),
(3, 'Andorra'),
(4, 'Angola'),
(5, 'Anguilla'),
(6, 'Antarctica'),
(7, 'Antigua'),
(8, 'Antilles'),
(9, 'Argentina'),
(10, 'Armenia'),
(11, 'Aruba'),
(12, 'Australia'),
(13, 'Austria'),
(14, 'Azerbaijan'),
(15, 'Bahamas'),
(16, 'Bangladesh'),
(17, 'Barbados'),
(18, 'Belarus'),
(19, 'Belgium'),
(20, 'Belize'),
(21, 'Benin'),
(22, 'Bermuda'),
(23, 'Bhutan'),
(24, 'Bolivia'),
(25, 'Bosnia'),
(26, 'Botswana'),
(27, 'Brazil'),
(28, 'Brunei'),
(29, 'Bulgaria'),
(30, 'Burkina Faso'),
(31, 'Burundi'),
(32, 'Cambodia'),
(33, 'Cameroon'),
(34, 'Canada'),
(35, 'Cape Verde'),
(36, 'Cayman Islands'),
(37, 'Central Africa'),
(38, 'Chad'),
(39, 'Chile'),
(40, 'China'),
(41, 'Colombia'),
(42, 'Comoros'),
(43, 'Congo'),
(44, 'Cook Islands'),
(45, 'Costa Rica'),
(46, 'Cote D\'Ivoire'),
(47, 'Croatia'),
(48, 'Cuba'),
(49, 'Cyprus'),
(50, 'Czech Republic'),
(51, 'Denmark'),
(52, 'Djibouti'),
(53, 'Dominica'),
(54, 'Dominican Rep.'),
(55, 'Ecuador'),
(56, 'Egypt'),
(57, 'El Salvador'),
(58, 'Eritrea'),
(59, 'Estonia'),
(60, 'Ethiopia'),
(61, 'Fiji'),
(62, 'Finland'),
(63, 'Falkland Islands'),
(64, 'France'),
(65, 'Gabon'),
(66, 'Gambia'),
(67, 'Georgia'),
(68, 'Germany'),
(69, 'Ghana'),
(70, 'Gibraltar'),
(71, 'Greece'),
(72, 'Greenland'),
(73, 'Grenada'),
(74, 'Guam'),
(75, 'Guatemala'),
(76, 'Guiana'),
(77, 'Guinea'),
(78, 'Guyana'),
(79, 'Haiti'),
(80, 'Hondoras'),
(81, 'Hong Kong'),
(82, 'Hungary'),
(83, 'Iceland'),
(84, 'India'),
(85, 'Indonesia'),
(86, 'Iran'),
(87, 'Iraq'),
(88, 'Ireland'),
(89, 'Israel'),
(90, 'Italy'),
(91, 'Jamaica'),
(92, 'Japan'),
(93, 'Jordan'),
(94, 'Kazakhstan'),
(95, 'Kenya'),
(96, 'Kiribati'),
(97, 'Korea'),
(98, 'Kyrgyzstan'),
(99, 'Lao'),
(100, 'Latvia'),
(101, 'Lesotho'),
(102, 'Liberia'),
(103, 'Liechtenstein'),
(104, 'Lithuania'),
(105, 'Luxembourg'),
(106, 'Macau'),
(107, 'Macedonia'),
(108, 'Madagascar'),
(109, 'Malawi'),
(110, 'Malaysia'),
(111, 'Maldives'),
(112, 'Mali'),
(113, 'Malta'),
(114, 'Marshal Islands'),
(115, 'Martinique'),
(116, 'Mauritania'),
(117, 'Mauritius'),
(118, 'Mayotte'),
(119, 'Mexico'),
(120, 'Micronesia'),
(121, 'Moldova'),
(122, 'Monaco'),
(123, 'Mongolia'),
(124, 'Montserrat'),
(125, 'Morocco'),
(126, 'Mozambique'),
(127, 'Myanmar'),
(128, 'Namibia'),
(129, 'Nauru'),
(130, 'Nepal'),
(131, 'Netherlands'),
(132, 'New Caledonia'),
(133, 'New Guinea'),
(134, 'New Zealand'),
(135, 'Nicaragua'),
(136, 'Nigeria'),
(137, 'Niue'),
(138, 'Norfolk Island'),
(139, 'Norway'),
(140, 'Palau'),
(141, 'Panama'),
(142, 'Paraguay'),
(143, 'Peru'),
(144, 'Puerto'),
(145, 'Philippines'),
(146, 'Poland'),
(147, 'Polynesia'),
(148, 'Portugal'),
(149, 'Romania'),
(150, 'Russia'),
(151, 'Rwanda'),
(152, 'Saint Lucia'),
(153, 'Samoa'),
(154, 'San Marino'),
(155, 'Senegal'),
(156, 'Seychelles'),
(157, 'Sierra Leone'),
(158, 'Singapore'),
(159, 'Slovakia'),
(160, 'Slovenia'),
(161, 'Somalia'),
(162, 'South Africa'),
(163, 'Spain'),
(164, 'Sri Lanka'),
(165, 'St. Helena'),
(166, 'Sudan'),
(167, 'Suriname'),
(168, 'Swaziland'),
(169, 'Sweden'),
(170, 'Switzerland'),
(171, 'Taiwan'),
(172, 'Tajikistan'),
(173, 'Tanzania'),
(174, 'Thailand'),
(175, 'Togo'),
(176, 'Tokelau'),
(177, 'Tonga'),
(178, 'Trinidad'),
(179, 'Tunisia'),
(180, 'Turkey'),
(181, 'Uganda'),
(182, 'Ukraine'),
(183, 'United Kingdom'),
(184, 'United States'),
(185, 'Uruguay'),
(186, 'Uzbekistan'),
(187, 'Vanuatu'),
(188, 'Venezuela'),
(189, 'Vietnam'),
(190, 'Virgin Islands'),
(191, 'Yugoslavia'),
(192, 'Zaire'),
(193, 'Zambia'),
(194, 'Zimbabwe');

-- --------------------------------------------------------

--
-- Table structure for table `tbl_director`
--

CREATE TABLE `tbl_director` (
  `director_id` smallint(5) UNSIGNED NOT NULL,
  `director_name` varchar(250) NOT NULL
) ENGINE=InnoDB DEFAULT CHARSET=utf8;

--
-- Dumping data for table `tbl_director`
--

INSERT INTO `tbl_director` (`director_id`, `director_name`) VALUES
(1, 'James Gunn'),
(2, 'Christopher Nolan'),
(3, 'James Mangold'),
(4, 'Joon-ho Bong'),
(5, 'Bill Condon'),
(6, 'Mel Gibson'),
(7, 'Tim Miller'),
(8, 'Denis Villeneuve '),
(9, 'Dexter Fletcher'),
(10, 'Mike Mitchell'),
(11, 'Walt Dohrn'),
(12, 'Alejandro Gonzalez Inarritu'),
(13, 'John Crowley '),
(14, 'Robert Zemeckis'),
(15, 'Florian Gallenberger '),
(16, 'J.J. Abrams'),
(17, 'Damien Chazelle'),
(18, 'Joseph Gordon-Levitt '),
(19, 'Alfonso Cuaron'),
(20, 'Ang Lee'),
(21, 'David O. Russell');

-- --------------------------------------------------------

--
-- Table structure for table `tbl_genre`
--

CREATE TABLE `tbl_genre` (
  `genre_id` tinyint(3) UNSIGNED NOT NULL,
  `genre_name` varchar(125) NOT NULL
) ENGINE=InnoDB DEFAULT CHARSET=utf8;

--
-- Dumping data for table `tbl_genre`
--

INSERT INTO `tbl_genre` (`genre_id`, `genre_name`) VALUES
(1, 'Action'),
(2, 'Adventure'),
(3, 'Comedy'),
(4, 'Crime'),
(5, 'Drama'),
(6, 'Historical'),
(7, 'Horror'),
(8, 'Musical'),
(9, 'Science Fiction'),
(10, 'War'),
(11, 'Western'),
(12, 'Animation'),
(13, 'Family'),
(14, 'Fantasy'),
(15, 'Romance'),
(16, 'Sport');

-- --------------------------------------------------------

--
-- Table structure for table `tbl_language`
--

CREATE TABLE `tbl_language` (
  `lang_id` smallint(5) UNSIGNED NOT NULL,
  `lang_name` varchar(250) NOT NULL
) ENGINE=InnoDB DEFAULT CHARSET=utf8;

--
-- Dumping data for table `tbl_language`
--

INSERT INTO `tbl_language` (`lang_id`, `lang_name`) VALUES
(1, 'Abkhaz'),
(2, 'Afar'),
(3, 'Afrikaans'),
(4, 'Akan'),
(5, 'Albanian'),
(6, 'Amharic'),
(7, 'Arabic'),
(8, 'Aragonese'),
(9, 'Armenian'),
(10, 'Assamese'),
(11, 'Avaric'),
(12, 'Avestan'),
(13, 'Aymara'),
(14, 'Azerbaijani'),
(15, 'Bambara'),
(16, 'Bashkir'),
(17, 'Basque'),
(18, 'Belarusian'),
(19, 'Bengali'),
(20, 'Bihari'),
(21, 'Bislama'),
(22, 'Bosnian'),
(23, 'Breton'),
(24, 'Bulgarian'),
(25, 'Burmese'),
(26, 'Catalan'),
(27, 'Valencian'),
(28, 'Chamorro'),
(29, 'Chechen'),
(30, 'Chichewa'),
(31, 'Chewa'),
(32, 'Nyanja'),
(33, 'Chinese'),
(34, 'Chuvash'),
(35, 'Cornish'),
(36, 'Corsican'),
(37, 'Cree'),
(38, 'Croatian'),
(39, 'Czech'),
(40, 'Danish'),
(41, 'Divehi'),
(42, 'Dhivehi'),
(43, 'Maldivian'),
(44, 'Dutch'),
(45, 'English'),
(46, 'Esperanto'),
(47, 'Estonian'),
(48, 'Ewe'),
(49, 'Faroese'),
(50, 'Fijian'),
(51, 'Finnish'),
(52, 'French'),
(53, 'Fula'),
(54, 'Fulah'),
(55, 'Pulaar'),
(56, 'Pular'),
(57, 'Galician'),
(58, 'Georgian'),
(59, 'German'),
(60, 'Greek'),
(61, 'Guaraní'),
(62, 'Gujarati'),
(63, 'Haitian'),
(64, 'Haitian Creole'),
(65, 'Hausa'),
(66, 'Hebrew'),
(67, 'Herero'),
(68, 'Hindi'),
(69, 'Hiri Motu'),
(70, 'Hungarian'),
(71, 'Interlingua'),
(72, 'Indonesian'),
(73, 'Interlingue'),
(74, 'Irish'),
(75, 'Igbo'),
(76, 'Inupiaq'),
(77, 'Ido'),
(78, 'Icelandic'),
(79, 'Italian'),
(80, 'Inuktitut'),
(81, 'Japanese'),
(82, 'Javanese'),
(83, 'Kalaallisut'),
(84, 'Greenlandic'),
(85, 'Kannada'),
(86, 'Kanuri'),
(87, 'Kashmiri'),
(88, 'Kazakh'),
(89, 'Khmer'),
(90, 'Kikuyu'),
(91, 'Gikuyu'),
(92, 'Kinyarwanda'),
(93, 'Kirghiz'),
(94, 'Kyrgyz'),
(95, 'Komi'),
(96, 'Kongo'),
(97, 'Korean'),
(98, 'Kurdish'),
(99, 'Kwanyama'),
(100, 'Kuanyama'),
(101, 'Latin'),
(102, 'Luxembourgish'),
(103, 'Letzeburgesch'),
(104, 'Luganda'),
(105, 'Limburgish'),
(106, 'Limburgan'),
(107, 'Limburger'),
(108, 'Lingala'),
(109, 'Lao'),
(110, 'Lithuanian'),
(111, 'Luba-Katanga'),
(112, 'Latvian'),
(113, 'Manx'),
(114, 'Macedonian'),
(115, 'Malagasy'),
(116, 'Malay'),
(117, 'Malayalam'),
(118, 'Maltese'),
(119, 'Maori'),
(120, 'Marathi'),
(121, 'Marshallese'),
(122, 'Mongolian'),
(123, 'Nauru'),
(124, 'Navajo'),
(125, 'Navaho'),
(126, 'Norwegian Bokmal'),
(127, 'North Ndebele'),
(128, 'Nepali'),
(129, 'Ndonga'),
(130, 'Norwegian Nynorsk'),
(131, 'Norwegian'),
(132, 'Nuosu'),
(133, 'South Ndebele'),
(134, 'Occitan'),
(135, 'Ojibwe'),
(136, 'Ojibwa'),
(137, 'Old Church Slavonic'),
(138, 'Church Slavic'),
(139, 'Church Slavonic'),
(140, 'Old Bulgarian'),
(141, 'Old Slavonic'),
(142, 'Oromo'),
(143, 'Oriya'),
(144, 'Ossetian'),
(145, 'Ossetic'),
(146, 'Panjabi'),
(147, 'Punjabi'),
(148, 'Pali'),
(149, 'Persian'),
(150, 'Polish'),
(151, 'Pashto'),
(152, 'Pushto'),
(153, 'Portuguese'),
(154, 'Quechua'),
(155, 'Romansh'),
(156, 'Kirundi'),
(157, 'Romanian'),
(158, 'Moldavian'),
(159, 'Moldovan'),
(160, 'Russian'),
(161, 'Sanskrit'),
(162, 'Sardinian'),
(163, 'Sindhi'),
(164, 'Northern Sami'),
(165, 'Samoan'),
(166, 'Sango'),
(167, 'Serbian'),
(168, 'Scottish Gaelic'),
(169, 'Gaelic'),
(170, 'Shona'),
(171, 'Sinhala'),
(172, 'Sinhalese'),
(173, 'Slovak'),
(174, 'Slovene'),
(175, 'Somali'),
(176, 'Southern Sotho'),
(177, 'Spanish'),
(178, 'Castilian'),
(179, 'Sundanese'),
(180, 'Swahili'),
(181, 'Swati'),
(182, 'Swedish'),
(183, 'Tamil'),
(184, 'Telugu'),
(185, 'Tajik'),
(186, 'Thai'),
(187, 'Tigrinya'),
(188, 'Tibetan Standard'),
(189, 'Tibetan'),
(190, 'Turkmen'),
(191, 'Tagalog'),
(192, 'Tswana'),
(193, 'Tonga'),
(194, 'Turkish'),
(195, 'Tsonga'),
(196, 'Tatar'),
(197, 'Twi'),
(198, 'Tahitian'),
(199, 'Uighur'),
(200, 'Uyghur'),
(201, 'Ukrainian'),
(202, 'Urdu'),
(203, 'Uzbek'),
(204, 'Venda'),
(205, 'Vietnamese'),
(206, 'Volapuk'),
(207, 'Walloon'),
(208, 'Welsh'),
(209, 'Wolof'),
(210, 'Western Frisian'),
(211, 'Xhosa'),
(212, 'Yiddish'),
(213, 'Yoruba'),
(214, 'Zhuang'),
(215, 'Chuang');

-- --------------------------------------------------------

--
-- Table structure for table `tbl_movies`
--

CREATE TABLE `tbl_movies` (
  `movies_id` mediumint(8) UNSIGNED NOT NULL,
  `movies_cover` varchar(75) NOT NULL DEFAULT 'cover_default.jpg',
  `movies_title` varchar(125) NOT NULL,
  `movies_year` varchar(5) NOT NULL,
  `movies_runtime` varchar(25) NOT NULL,
  `movies_storyline` text NOT NULL,
  `movies_trailer` varchar(75) NOT NULL DEFAULT 'trailer_default.jpg',
  `movies_release` varchar(125) NOT NULL
) ENGINE=InnoDB DEFAULT CHARSET=utf8;

--
-- Dumping data for table `tbl_movies`
--

INSERT INTO `tbl_movies` (`movies_id`, `movies_cover`, `movies_title`, `movies_year`, `movies_runtime`, `movies_storyline`, `movies_trailer`, `movies_release`) VALUES
(1, 'dark.jpg', 'The Dark Knight', '2008', '2h 32m', 'With the help of allies Lt. Jim Gordon and DA Harvey Dent, Batman has been able to keep a tight lid on crime in Gotham City. But when a vile young criminal calling himself the Joker suddenly throws the town into chaos, the caped Crusader begins to tread a fine line between heroism and vigilantism.', 'dark.mp4', 'July 18, 2008'),
(2, 'avengers.jpg', 'The Avengers', '2012', '2h 23m', 'When Thor\'s evil brother, Loki, gains access to the unlimited power of the energy cube called the Tesseract, Nick Fury, director of S.H.I.E.L.D., initiates a superhero recruitment effort to defeat the unprecedented threat to Earth. Joining Fury\'s \"dream team\" are Iron Man, Captain America, the Hulk, Thor, the Black Widow and Hawkeye.', 'avengers.mp4', 'May 4, 2012'),
(3, 'terminator.jpg', 'The Terminator', '1984', '1h 48m', 'Disguised as a human, a cyborg assassin known as a Terminator travels from 2029 to 1984 to kill Sarah Connor.', 'terminator.mp4', 'October 26. 1984'),
(4, 'raiders.jpg', 'Raiders of the Lost Ark', '1981', '1h 55m', 'Dr. Indiana Jones, a renowned archeologist and expert in the occult, is hired by the U.S. Government to find the ark of the covenant, which is believed to still hold the Ten Commandments. Unfortunately, Hitler\'s agents are also after the ark. Indy and his ex-flame Marion escape from various close scrapes in a quest that takes them from Nepal to Cairo.', 'raiders.mp4', 'June 12, 1981'),
(5, 'casino.jpg', 'Casino Royale', '2006', '2h 25min', 'After receiving a license to kill, British Secret Service agent James Bond heads to Madagascar, where he uncovers a link to Le Chiffre, a man who finances terrorist organizations. Learning that Le Chiffre plans to raise money in a high-stakes poker game, MI6 sends Bond to play against him, gambling that their newest \"00\" operative will topple the man\'s organization.', 'casino.mp4', 'November 14. 2006'),
(6, 'groundhog.jpg', 'Groundhog Day', '1993', '1h 42m', 'Phil a weatherman, is out to cover the annual emergence of the groundhog from its hole. He gets caught in a blizzard that he didn\'t predict and finds himself trapped in a time warp. He is doomed to relive the same day over and over again until he gets it right.', 'groundhog.mp4', 'February 12, 1993'),
(7, 'bridesmaids.jpg', 'Bridesmaids', '2011', '2h 12m', 'Annie is a single woman whose own life is a mess, but when she learns that her lifelong best friend, Lillian, is engaged, she has no choice but to serve as the maid of honor. Though lovelorn and almost penniless, Annie, nevertheless, winds her way through the strange and expensive rituals associated with her job as the bride\'s go-to gal. Determined to make things perfect, she gamely leads Lillian and the other bridesmaids down the wild road to the wedding.', 'bridesmaids.mp4', 'May 13, 2011'),
(8, 'parents.jpg', 'Meet the Parents', '2000', '1h 48m', 'Everything that can possibly go wrong for groom-to-be Greg Focker does. The problems begin with Greg\'s disastrous first meeting with his girlfriend\'s family -- most notably her intimidating father Jack Byrnes and it\'s all downhill from there.', 'parents.mp4', 'October 6, 2000'),
(9, 'napoleon.jpg', 'Napolean Dynamite', '2004', '1h 36m', 'In small-town Preston, Idaho, awkward teen Napoleon Dynamite has trouble fitting in. After his grandmother is injured in an accident, his life is made even worse when his strangely nostalgic uncle, Rico, shows up to keep an eye on him. With no safe haven at home or at school, Napoleon befriends the new kid, Pedro, a morose Hispanic boy who speaks little English. Together the two launch a campaign to run for class president.', 'napoleon.mp4', 'June 11, 2004'),
(10, 'halloween.jpg', 'Halloween', '1978', '1h 41m', 'On a cold Halloween night in 1963, six year old Michael Myers brutally murdered his 17-year-old sister, Judith. He was sentenced and locked away for 15 years. But on October 30, 1978, while being transferred for a court date, a 21-year-old Michael Myers steals a car and escapes Smith\'s Grove. He returns to his quiet hometown of Haddonfield, Illinois, where he looks for his next victims.', 'halloween.mp4', 'October 25, 1978'),
(11, 'it.jpg', 'It', '2017', '2h 15m', 'Seven young outcasts in Derry, Maine, are about to face their worst nightmare -- an ancient, shape-shifting evil that emerges from the sewer every 27 years to prey on the town\'s children. Banding together over the course of one horrifying summer, the friends must overcome their own personal fears to battle the murderous, bloodthirsty clown known as Pennywise.', 'it.mp4', 'September 8, 2017'),
(12, 'shining.jpg', 'The Shining', '1980', '2h 26m', 'Jack Torrance becomes winter caretaker at the isolated Overlook Hotel in Colorado, hoping to cure his writer\'s block. He settles in along with his wife, Wendy, and his son, Danny, who is plagued by psychic premonitions. As Jack\'s writing goes nowhere and Danny\'s visions become more disturbing, Jack discovers the hotel\'s dark secrets and begins to unravel into a homicidal maniac hell-bent on terrorizing his family.', 'shining.mp4', 'May 23, 1980'),
(13, 'sinister.jpg', 'Sinister', '2012', '1h 50m', 'True-crime writer Ellison Oswald is in a slump; he hasn\'t had a best seller in more than 10 years and is becoming increasingly desperate for a hit. So, when he discovers the existence of a snuff film showing the deaths of a family, he vows to solve the mystery. He moves his own family into the victims\' home and gets to work. However, when old film footage and other clues hint at the presence of a supernatural force, Ellison learns that living in the house may be fatal.', 'sinister.mp4', 'October 12, 2012'),
(14, 'exorcist.jpg', 'The Exorcist', '1973', '2h 12m', 'One of the most profitable horror movies ever made, this tale of an exorcism is based loosely on actual events. When young Regan starts acting odd -- levitating, speaking in tongues -- her worried mother seeks medical help, only to hit a dead end. A local priest, however, thinks the girl may be seized by the devil. The priest makes a request to perform an exorcism, and the church sends in an expert to help with the difficult job.', 'exorcist.mp4', 'December 26, 1973'),
(15, 'alien.jpg', 'Alien', '1979', '1h 57m', 'In deep space, the crew of the commercial starship Nostromo is awakened from their cryo-sleep capsules halfway through their journey home to investigate a distress call from an alien vessel. The terror begins when the crew encounters a nest of eggs inside the alien ship. An organism from inside an egg leaps out and attaches itself to one of the crew, causing him to fall into a coma.', 'alien.mp4', 'May 25, 1979'),
(16, 'blade.jpg', 'Blade Runner', '1982', '1h 57m', 'Deckard is forced by the police Boss to continue his old job as Replicant Hunter. His assignment: eliminate four escaped Replicants from the colonies who have returned to Earth. Before starting the job, Deckard goes to the Tyrell Corporation and he meets Rachel, a Replicant girl he falls in love with.', 'blade.mp4', 'June 25, 2014'),
(17, 'inception.jpg', 'Inception', '2010', '2h 28m', 'Dom Cobb is a thief with the rare ability to enter people\'s dreams and steal their secrets from their subconscious. His skill has made him a hot commodity in the world of corporate espionage but has also cost him everything he loves. Cobb gets a chance at redemption when he is offered a seemingly impossible task: Plant an idea in someone\'s mind. If he succeeds, it will be the perfect crime, but a dangerous enemy anticipates Cobb\'s every move.', 'inception.mp4', 'July 16, 2010'),
(18, 'interstellar.jpg', 'Interstellar', '2014', '2h 49m', 'In Earth\'s future, a global crop blight and second Dust Bowl are slowly rendering the planet uninhabitable. Professor Brand, a brilliant NASA physicist, is working on plans to save mankind by transporting Earth\'s population to a new home via a wormhole. But first, Brand must send former NASA pilot Cooper and a team of researchers through the wormhole and across the galaxy to find out which of three planets could be mankind\'s new home.', 'interstellar.mp4', 'November 14, 2014'),
(19, 'avatar.jpg', 'Avatar', '2009', '2h 42m', 'On the lush alien world of Pandora live the Na\'vi, beings who appear primitive but are highly evolved. Because the planet\'s environment is poisonous, human/Na\'vi hybrids, called Avatars, must link to human minds to allow for free movement on Pandora. Jake Sully, a paralyzed former Marine, becomes mobile again through one such Avatar and falls in love with a Na\'vi woman. As a bond with her grows, he is drawn into a battle for the survival of her world.', 'avatar.mp4', 'December 18, 2009'),
(20, 'princess.jpg', 'The Princess Bride', '1987', '1h 38m', 'A fairy tale adventure about a beautiful young woman and her one true love. He must find her after a long separation and save her. They must battle the evils of the mythical kingdom of Florin to be reunited with each other. Based on the William Goldman novel \"The Princess Bride\" which earned its own loyal audience.', 'princess.mp4', 'September 25, 1987'),
(21, 'incredibles.jpg', 'The Incredibles', '2004', '1h 56m', 'In this lauded Pixar animated film, married superheroes Mr. Incredible  and Elastigirl are forced to assume mundane lives as Bob and Helen Parr after all super-powered activities have been banned by the government. While Mr. Incredible loves his wife and kids, he longs to return to a life of adventure, and he gets a chance when summoned to an island to battle an out-of-control robot. Soon, Mr. Incredible is in trouble, and it\'s up to his family to save him.', 'incredibles.mp4', 'November 5, 2004'),
(22, 'ET.jpg', 'E.T. the Extra-Terrestrial', '1982', '2h 1m', 'After a gentle alien becomes stranded on Earth, the being is discovered and befriended by a young boy named Elliott. Bringing the extraterrestrial into his suburban California house, Elliott introduces E.T., as the alien is dubbed, to his brother and his little sister, Gertie, and the children decide to keep its existence a secret. Soon, however, E.T. falls ill, resulting in government intervention and a dire situation for both Elliott and the alien.', 'ET.mp4', 'June 10, 1982'),
(23, 'goonies.jpg', 'The Goonies', '1985', '1h 54m', 'When two brothers find out they might lose their house they are desperate to find a way to keep their home. They find a treasure map and bring some friends along to find it. They are all out looking for the \"X\" and trying to get away from a group of bad guys who also want the treasure.', 'goonies.mp4', 'June 7, 1985'),
(24, 'shrek.jpg', 'Shrek', '2001', '1h 35m', 'Once upon a time, in a far away swamp, there lived an ogre named Shrek whose precious solitude is suddenly shattered by an invasion of annoying fairy tale characters. They were all banished from their kingdom by the evil Lord Farquaad. Determined to save their home -- not to mention his -- Shrek cuts a deal with Farquaad and sets out to rescue Princess Fiona to be Farquaad\'s bride. Rescuing the Princess may be small compared to her deep, dark secret.', 'shrek.mp4', 'April 22, 2001');

-- --------------------------------------------------------

--
-- Table structure for table `tbl_mov_cast`
--

CREATE TABLE `tbl_mov_cast` (
  `mov_cast_id` mediumint(8) UNSIGNED NOT NULL,
  `movies_id` mediumint(9) NOT NULL,
  `cast_id` mediumint(9) NOT NULL
) ENGINE=InnoDB DEFAULT CHARSET=utf8;

--
-- Dumping data for table `tbl_mov_cast`
--

INSERT INTO `tbl_mov_cast` (`mov_cast_id`, `movies_id`, `cast_id`) VALUES
(1, 1, 1),
(2, 1, 2),
(3, 1, 3),
(4, 1, 4),
(5, 1, 5),
(6, 2, 6),
(7, 2, 7),
(8, 2, 8),
(9, 2, 9),
(10, 2, 10),
(11, 3, 11),
(12, 3, 12),
(13, 3, 13),
(14, 3, 14),
(15, 3, 15),
(16, 4, 16),
(17, 4, 17),
(18, 4, 18),
(19, 4, 19),
(20, 4, 20),
(21, 5, 21),
(22, 5, 22),
(23, 5, 23),
(24, 5, 24),
(25, 5, 25),
(26, 6, 26),
(27, 6, 27),
(28, 6, 28),
(29, 6, 29),
(30, 6, 30),
(31, 7, 31),
(32, 7, 32),
(33, 7, 33),
(34, 7, 34),
(35, 7, 35),
(36, 8, 36),
(37, 8, 37),
(38, 8, 38),
(39, 8, 39),
(40, 8, 40),
(41, 9, 41),
(42, 10, 42),
(43, 11, 43),
(44, 12, 44),
(45, 13, 45),
(46, 14, 21),
(47, 15, 46),
(48, 16, 47),
(49, 17, 1),
(50, 18, 45),
(51, 19, 52),
(52, 20, 53),
(53, 21, 5);

-- --------------------------------------------------------

--
-- Table structure for table `tbl_mov_country`
--

CREATE TABLE `tbl_mov_country` (
  `mov_country_id` mediumint(8) UNSIGNED NOT NULL,
  `movies_id` mediumint(9) NOT NULL,
  `country_id` smallint(6) NOT NULL
) ENGINE=InnoDB DEFAULT CHARSET=utf8;

--
-- Dumping data for table `tbl_mov_country`
--

INSERT INTO `tbl_mov_country` (`mov_country_id`, `movies_id`, `country_id`) VALUES
(1, 1, 34),
(2, 1, 134),
(3, 1, 184),
(4, 2, 184),
(5, 2, 183),
(6, 2, 131),
(7, 2, 64),
(8, 3, 12),
(9, 3, 34),
(10, 3, 184),
(11, 4, 184),
(12, 4, 97),
(13, 5, 183),
(14, 5, 184),
(15, 6, 184),
(16, 6, 12),
(17, 7, 184),
(18, 8, 184),
(19, 9, 183),
(20, 9, 184),
(21, 9, 68),
(22, 10, 184),
(23, 11, 184),
(24, 11, 81),
(25, 11, 171);

-- --------------------------------------------------------

--
-- Table structure for table `tbl_mov_director`
--

CREATE TABLE `tbl_mov_director` (
  `mov_director_id` mediumint(8) UNSIGNED NOT NULL,
  `movies_id` mediumint(9) NOT NULL,
  `director_id` smallint(6) NOT NULL
) ENGINE=InnoDB DEFAULT CHARSET=utf8;

--
-- Dumping data for table `tbl_mov_director`
--

INSERT INTO `tbl_mov_director` (`mov_director_id`, `movies_id`, `director_id`) VALUES
(1, 1, 1),
(2, 2, 2),
(3, 3, 3),
(4, 4, 4),
(5, 5, 5),
(6, 6, 6),
(7, 7, 7),
(8, 8, 8),
(9, 9, 9),
(10, 10, 10),
(11, 10, 11),
(12, 11, 12),
(13, 12, 13),
(14, 13, 14),
(15, 14, 15),
(16, 15, 16),
(17, 16, 17),
(18, 17, 1),
(19, 18, 19),
(20, 19, 20),
(21, 20, 21);

-- --------------------------------------------------------

--
-- Table structure for table `tbl_mov_genre`
--

CREATE TABLE `tbl_mov_genre` (
  `mov_genre_id` mediumint(8) UNSIGNED NOT NULL,
  `movies_id` mediumint(9) NOT NULL,
  `genre_id` mediumint(9) NOT NULL
) ENGINE=InnoDB DEFAULT CHARSET=utf8;

--
-- Dumping data for table `tbl_mov_genre`
--

INSERT INTO `tbl_mov_genre` (`mov_genre_id`, `movies_id`, `genre_id`) VALUES
(1, 1, 1),
(2, 2, 1),
(3, 3, 1),
(4, 4, 1),
(5, 5, 1),
(6, 6, 3),
(7, 7, 3),
(8, 8, 3),
(9, 9, 3),
(10, 10, 7),
(11, 10, 7),
(12, 12, 7),
(13, 13, 7),
(14, 14, 7),
(15, 15, 9),
(16, 16, 9),
(17, 17, 9),
(18, 18, 9),
(19, 19, 9),
(20, 20, 13),
(21, 21, 13),
(22, 22, 13),
(23, 23, 13),
(24, 24, 13),
(31, 10, 2),
(32, 10, 3),
(33, 10, 8),
(34, 10, 13),
(35, 11, 2),
(36, 11, 5);

-- --------------------------------------------------------

--
-- Table structure for table `tbl_mov_lang`
--

CREATE TABLE `tbl_mov_lang` (
  `mov_lang_id` smallint(5) UNSIGNED NOT NULL,
  `movies_id` mediumint(9) NOT NULL,
  `language_id` smallint(6) NOT NULL
) ENGINE=InnoDB DEFAULT CHARSET=utf8;

--
-- Dumping data for table `tbl_mov_lang`
--

INSERT INTO `tbl_mov_lang` (`mov_lang_id`, `movies_id`, `language_id`) VALUES
(1, 1, 45),
(2, 2, 45),
(3, 2, 52),
(4, 2, 59),
(5, 3, 45),
(6, 3, 177),
(7, 4, 45),
(8, 4, 177),
(9, 4, 97),
(10, 5, 45),
(11, 6, 45),
(12, 6, 81),
(13, 7, 45),
(14, 8, 45),
(15, 8, 33),
(16, 8, 160),
(17, 9, 45),
(18, 9, 126),
(19, 9, 59),
(20, 10, 45),
(21, 11, 45),
(22, 11, 52);

-- --------------------------------------------------------

--
-- Table structure for table `tbl_mov_studio`
--

CREATE TABLE `tbl_mov_studio` (
  `mov_studio_id` mediumint(8) UNSIGNED NOT NULL,
  `movies_id` mediumint(9) NOT NULL,
  `studio_id` smallint(6) NOT NULL
) ENGINE=InnoDB DEFAULT CHARSET=utf8;

--
-- Dumping data for table `tbl_mov_studio`
--

INSERT INTO `tbl_mov_studio` (`mov_studio_id`, `movies_id`, `studio_id`) VALUES
(1, 1, 1),
(2, 2, 2),
(3, 3, 3),
(4, 4, 4),
(5, 5, 5),
(6, 6, 6),
(7, 7, 7),
(8, 8, 8),
(9, 9, 9),
(10, 10, 10),
(11, 11, 11),
(12, 12, 12),
(13, 13, 13),
(14, 14, 14),
(15, 15, 15),
(16, 16, 16),
(17, 17, 1),
(18, 18, 17),
(19, 19, 18),
(20, 20, 19),
(21, 21, 20);

-- --------------------------------------------------------

--
-- Table structure for table `tbl_studio`
--

CREATE TABLE `tbl_studio` (
  `studio_id` smallint(5) UNSIGNED NOT NULL,
  `studio_name` varchar(125) NOT NULL
) ENGINE=InnoDB DEFAULT CHARSET=utf8;

--
-- Dumping data for table `tbl_studio`
--

INSERT INTO `tbl_studio` (`studio_id`, `studio_name`) VALUES
(1, 'Marvel Studios'),
(2, 'Syncopy'),
(3, 'Donners Company'),
(4, 'Kate Street Picture Company'),
(5, 'Mandeville Films'),
(6, 'Cross Creek Pictures'),
(7, 'Twentieth Century Fox Film Corporation'),
(8, 'Lava Bear Films'),
(9, 'Hurwitz Creative'),
(10, 'DreamWorks Animation'),
(11, 'Regency Enterprises'),
(12, 'Wildgaze Films'),
(13, 'Sony Pictures Entertainment (SPE)'),
(14, 'Majestic Filmproduktion'),
(15, 'Lucasfilm'),
(16, 'Bold Films'),
(17, 'Voltage Pictures'),
(18, 'Warner Bros.'),
(19, 'Fox 2000 Pictures'),
(20, 'Weinstein Company');

-- --------------------------------------------------------

--
-- Table structure for table `tbl_urating`
--

CREATE TABLE `tbl_urating` (
  `rating_id` tinyint(3) UNSIGNED NOT NULL,
  `rating_number` tinyint(4) NOT NULL
) ENGINE=InnoDB DEFAULT CHARSET=utf8;

-- --------------------------------------------------------

--
-- Table structure for table `tbl_user`
--

CREATE TABLE `tbl_user` (
  `user_id` mediumint(8) UNSIGNED NOT NULL,
  `user_fname` varchar(250) NOT NULL,
  `user_name` varchar(250) NOT NULL,
  `user_pass` varchar(250) NOT NULL,
  `user_email` varchar(250) NOT NULL,
  `user_date` timestamp NOT NULL DEFAULT CURRENT_TIMESTAMP,
  `user_ip` varchar(50) NOT NULL DEFAULT 'no'
) ENGINE=InnoDB DEFAULT CHARSET=utf8;

--
-- Indexes for dumped tables
--

--
-- Indexes for table `tbl_arating`
--
ALTER TABLE `tbl_arating`
  ADD PRIMARY KEY (`arating_id`);

--
-- Indexes for table `tbl_cast`
--
ALTER TABLE `tbl_cast`
  ADD PRIMARY KEY (`cast_id`),
  ADD UNIQUE KEY `cast_name` (`cast_name`);

--
-- Indexes for table `tbl_comments`
--
ALTER TABLE `tbl_comments`
  ADD PRIMARY KEY (`comments_id`);

--
-- Indexes for table `tbl_country`
--
ALTER TABLE `tbl_country`
  ADD PRIMARY KEY (`country_id`);

--
-- Indexes for table `tbl_director`
--
ALTER TABLE `tbl_director`
  ADD PRIMARY KEY (`director_id`);

--
-- Indexes for table `tbl_genre`
--
ALTER TABLE `tbl_genre`
  ADD PRIMARY KEY (`genre_id`);

--
-- Indexes for table `tbl_language`
--
ALTER TABLE `tbl_language`
  ADD PRIMARY KEY (`lang_id`);

--
-- Indexes for table `tbl_movies`
--
ALTER TABLE `tbl_movies`
  ADD PRIMARY KEY (`movies_id`);

--
-- Indexes for table `tbl_mov_cast`
--
ALTER TABLE `tbl_mov_cast`
  ADD PRIMARY KEY (`mov_cast_id`);

--
-- Indexes for table `tbl_mov_country`
--
ALTER TABLE `tbl_mov_country`
  ADD PRIMARY KEY (`mov_country_id`);

--
-- Indexes for table `tbl_mov_director`
--
ALTER TABLE `tbl_mov_director`
  ADD PRIMARY KEY (`mov_director_id`);

--
-- Indexes for table `tbl_mov_genre`
--
ALTER TABLE `tbl_mov_genre`
  ADD PRIMARY KEY (`mov_genre_id`);

--
-- Indexes for table `tbl_mov_lang`
--
ALTER TABLE `tbl_mov_lang`
  ADD PRIMARY KEY (`mov_lang_id`);

--
-- Indexes for table `tbl_mov_studio`
--
ALTER TABLE `tbl_mov_studio`
  ADD PRIMARY KEY (`mov_studio_id`);

--
-- Indexes for table `tbl_studio`
--
ALTER TABLE `tbl_studio`
  ADD PRIMARY KEY (`studio_id`);

--
-- Indexes for table `tbl_urating`
--
ALTER TABLE `tbl_urating`
  ADD PRIMARY KEY (`rating_id`);

--
-- Indexes for table `tbl_user`
--
ALTER TABLE `tbl_user`
  ADD PRIMARY KEY (`user_id`);

--
-- AUTO_INCREMENT for dumped tables
--

--
-- AUTO_INCREMENT for table `tbl_arating`
--
ALTER TABLE `tbl_arating`
  MODIFY `arating_id` smallint(5) UNSIGNED NOT NULL AUTO_INCREMENT, AUTO_INCREMENT=6;
--
-- AUTO_INCREMENT for table `tbl_cast`
--
ALTER TABLE `tbl_cast`
  MODIFY `cast_id` mediumint(8) UNSIGNED NOT NULL AUTO_INCREMENT, AUTO_INCREMENT=54;
--
-- AUTO_INCREMENT for table `tbl_comments`
--
ALTER TABLE `tbl_comments`
  MODIFY `comments_id` mediumint(8) UNSIGNED NOT NULL AUTO_INCREMENT, AUTO_INCREMENT=18;
--
-- AUTO_INCREMENT for table `tbl_country`
--
ALTER TABLE `tbl_country`
  MODIFY `country_id` smallint(3) NOT NULL AUTO_INCREMENT, AUTO_INCREMENT=195;
--
-- AUTO_INCREMENT for table `tbl_director`
--
ALTER TABLE `tbl_director`
  MODIFY `director_id` smallint(5) UNSIGNED NOT NULL AUTO_INCREMENT, AUTO_INCREMENT=22;
--
-- AUTO_INCREMENT for table `tbl_genre`
--
ALTER TABLE `tbl_genre`
  MODIFY `genre_id` tinyint(3) UNSIGNED NOT NULL AUTO_INCREMENT, AUTO_INCREMENT=17;
--
-- AUTO_INCREMENT for table `tbl_language`
--
ALTER TABLE `tbl_language`
  MODIFY `lang_id` smallint(5) UNSIGNED NOT NULL AUTO_INCREMENT, AUTO_INCREMENT=216;
--
-- AUTO_INCREMENT for table `tbl_movies`
--
ALTER TABLE `tbl_movies`
  MODIFY `movies_id` mediumint(8) UNSIGNED NOT NULL AUTO_INCREMENT, AUTO_INCREMENT=25;
--
-- AUTO_INCREMENT for table `tbl_mov_cast`
--
ALTER TABLE `tbl_mov_cast`
  MODIFY `mov_cast_id` mediumint(8) UNSIGNED NOT NULL AUTO_INCREMENT, AUTO_INCREMENT=54;
--
-- AUTO_INCREMENT for table `tbl_mov_country`
--
ALTER TABLE `tbl_mov_country`
  MODIFY `mov_country_id` mediumint(8) UNSIGNED NOT NULL AUTO_INCREMENT, AUTO_INCREMENT=26;
--
-- AUTO_INCREMENT for table `tbl_mov_director`
--
ALTER TABLE `tbl_mov_director`
  MODIFY `mov_director_id` mediumint(8) UNSIGNED NOT NULL AUTO_INCREMENT, AUTO_INCREMENT=22;
--
-- AUTO_INCREMENT for table `tbl_mov_genre`
--
ALTER TABLE `tbl_mov_genre`
  MODIFY `mov_genre_id` mediumint(8) UNSIGNED NOT NULL AUTO_INCREMENT, AUTO_INCREMENT=37;
--
-- AUTO_INCREMENT for table `tbl_mov_lang`
--
ALTER TABLE `tbl_mov_lang`
  MODIFY `mov_lang_id` smallint(5) UNSIGNED NOT NULL AUTO_INCREMENT, AUTO_INCREMENT=23;
--
-- AUTO_INCREMENT for table `tbl_mov_studio`
--
ALTER TABLE `tbl_mov_studio`
  MODIFY `mov_studio_id` mediumint(8) UNSIGNED NOT NULL AUTO_INCREMENT, AUTO_INCREMENT=22;
--
-- AUTO_INCREMENT for table `tbl_studio`
--
ALTER TABLE `tbl_studio`
  MODIFY `studio_id` smallint(5) UNSIGNED NOT NULL AUTO_INCREMENT, AUTO_INCREMENT=21;
--
-- AUTO_INCREMENT for table `tbl_urating`
--
ALTER TABLE `tbl_urating`
  MODIFY `rating_id` tinyint(3) UNSIGNED NOT NULL AUTO_INCREMENT;
--
-- AUTO_INCREMENT for table `tbl_user`
--
ALTER TABLE `tbl_user`
  MODIFY `user_id` mediumint(8) UNSIGNED NOT NULL AUTO_INCREMENT;
/*!40101 SET CHARACTER_SET_CLIENT=@OLD_CHARACTER_SET_CLIENT */;
/*!40101 SET CHARACTER_SET_RESULTS=@OLD_CHARACTER_SET_RESULTS */;
/*!40101 SET COLLATION_CONNECTION=@OLD_COLLATION_CONNECTION */;
